,name,business_status,geometry/location/lat,geometry/location/lng,vicinity,place_id
0,Feuerwache I u. Krankentransp.,OPERATIONAL,49.2369213,7.0079913,"Hessenweg 7, Saarbrücken",ChIJZ9iI1KG2lUcRWbkIoVAF40k
1,Freiwillige Feuerwehr Saarbrücken - Löschbezirk 13 St. Johann,OPERATIONAL,49.2396675,7.005246700000001,"Fichtestraße 36, Saarbrücken",ChIJMdgB16O2lUcRUWc3T7z26Ho
2,Feuerwehr St. Arnual,OPERATIONAL,49.2185808,7.0170995,"Arnulfstraße 15, Saarbrücken",ChIJgXpJsjC0lUcRZO26p7zUV6E
3,"Freiwillige Feuerwehr Saarbrücken, Löschbezirk 22 Brebach",OPERATIONAL,49.2172118,7.0297864,"Saarbrücker Str. 20, Saarbrücken",ChIJh48BXcu1lUcRbSOeYvAHCIM
4,Freiwillige Feuerwehr Alt-Saarbrücken - Löschbezirk 11,OPERATIONAL,49.23382429999999,6.9747886,"Heuduckstraße 78, Saarbrücken",ChIJ8exizP2zlUcRb_4cgy42T4k
5,Freiw. Feuerwehr Sbr.-Schafbrücke Gerätehaus,OPERATIONAL,49.2304273,7.0506971,"Hirschbergstraße 12, Saarbrücken",ChIJUd8LSt-1lUcR7sZ9OmzpVgQ
6,Freiwillige Feuerwehr Scheidt,OPERATIONAL,49.2489303,7.053508799999999,"Schulstraße 10, Saarbrücken",ChIJTWF7Ig63lUcRx5AaN9pfLAA
7,Feuerwehr Güdingen,OPERATIONAL,49.2000821,7.027868499999999,"Saargemünder Str. 132A, Saarbrücken",ChIJfe0Bra21lUcRoXgkCBYEq0E
8,Freiwillige Feuerwehr Malstatt-Burbach,OPERATIONAL,49.23906419999999,6.9569462,"Heinrich-Barth-Straße 22, Saarbrücken",ChIJX6WJQ2CxlUcR6ExoE6df1oU
9,Feuerwehrgerätehaus Jägersfreude,OPERATIONAL,49.2691232,7.007096,"Mozartstraße 14, Saarbrücken",ChIJc9aTPSa3lUcRu01gbRaBFxA
10,Berufsfeuerwehr Saarbrücken Wache 2,OPERATIONAL,49.2449119,6.956771,"Weißenburger Str. 17, Saarbrücken",ChIJJSxE_WaxlUcRjr_hJkJ1kXQ
11,Freiwillige Feuerwehr Bischmisheim,OPERATIONAL,49.22058639999999,7.0656365,"Schulstraße 4, Saarbrücken",ChIJzT-1WOW1lUcReLq5Po6tLOE
12,Freiwillige Feuerwehr Herrensohr,OPERATIONAL,49.2746724,7.016553,"Petrusstraße 18, Saarbrücken",ChIJpxpdCSC3lUcRPtv0wlQQwLY
13,Feuerwehr Fechingen,OPERATIONAL,49.2000521,7.064413099999999,"Provinzialstraße 55, Saarbrücken",ChIJL4-QfoW1lUcRictQRnbQyzs
14,Feuerwehr Gersweiler,OPERATIONAL,49.23206829999999,6.9206211,"Dachsweg 7, Saarbrücken",ChIJv70Idi-ylUcR15NKYr-xx9o
15,Feuerwehr Altenkessel,OPERATIONAL,49.2617712,6.915440900000001,"Gerhardstraße 7, Saarbrücken",ChIJO5wRq_OxlUcR5Kf5uCEA6ag
16,Feuerwehr Ensheim,OPERATIONAL,49.2073859,7.109381399999999,"Backfeldstraße 1, Saarbrücken",ChIJm7oBWTnLlUcRdnRMXc3egeM
17,Freiwillige Feuerwehr St. Ingbert,OPERATIONAL,49.2784432,7.1103006,"Kohlenstraße 73, St. Ingbert",ChIJ56lwfDrIlUcROmn3FSCPEIw
18,Freiwillige Feuerwehr St. Ingbert - Hassel,OPERATIONAL,49.2654298,7.162065499999999,"Rohrbacher Str. 2b, St. Ingbert",ChIJI9SeKR7JlUcR5gW4y5odiVM
19,Freiwillige Feuerwehr Bübingen LB24,OPERATIONAL,49.1847922,7.0406816,"Moselstraße 14, Saarbrücken",ChIJHSmqOAy1lUcRtH1NS1OHDhw
20,Feuerwehr Saarbrücken Dudweiler,OPERATIONAL,49.2818583,7.0384581,"Fischbachstraße 1, Saarbrücken",ChIJyYuYcwa3lUcR5NJqgRk5Gvs
21,Feuerwehr Quierschied; Löschbezirk Fischbach,OPERATIONAL,49.30744869999999,7.0295831,"Quierschieder Str. 80, Quierschied",ChIJr8fZ5Ga3lUcR5fJqlMuZ7pI
22,Freiwillige Feuerwehr Klarenthal,OPERATIONAL,49.22924159999999,6.8985151,Saarbrücken,ChIJyTXyCzCzlUcRSgn3gBqysSU
23,Feuerwehr Rentrisch,OPERATIONAL,49.2644223,7.0878815,"Heinestraße 9, St. Ingbert",ChIJhwH7ZCm2lUcRp5SNQZMAabQ
24,Löschbezirk Püttlingen Gerätehaus,OPERATIONAL,49.2847332,6.889850099999999,"Bengeser Str. 29, Püttlingen",ChIJHZUsYtSvlUcRPJqRuIWh6nA
25,Feuerwehr Völklingen Löschbezirk Stadtmitte,OPERATIONAL,49.2530933,6.857665,"Fontanestraße 15, Völklingen",ChIJl4BQC3KulUcRemSPRJdEIZE
26,Freiwillige Feuerwehr Sulzbach LB3,OPERATIONAL,49.3125566,7.0768856,"Eisenbahnschachtanlage 14, Sulzbach/Saar",ChIJaZRAGSC4lUcRnpqWgyXkyLI
27,Freiwillige Feuerwehr Neuweiler,OPERATIONAL,49.2837431,7.066275,"Hochstraße 100, Sulzbach/Saar",ChIJwZV6gbi3lUcRqMbMm3ATUi4
28,Freiwillige Feuerwehr Heckendalheim,OPERATIONAL,49.2295506,7.1382353,Mandelbachtal,ChIJ1WGMK3nJlUcRtTQpGl7r1xY
29,Feuerwehr Mandelbachtal Lbz. Ormesheim,OPERATIONAL,49.1986078,7.144061,"Theo-Carlen-Platz,, Mandelbachtal",ChIJkX-PyrzLlUcRd1uAC6NUOck
30,FF Kleinblittersdorf - LB Kleinblittersdorf,OPERATIONAL,49.1564023,7.0381638,"Oberdorfstraße 41, Kleinblittersdorf",ChIJg4DbDeC1lUcRQQ9Ao-_zCUc
31,Freiwillige Feuerwehr,OPERATIONAL,49.32758219999999,7.0495303,"Schumannstraße, Quierschied",ChIJqdPFGs65lUcRy-D0OO9uLjg
32,"Feuerwehr Friedrichsthal, Löschbezirk Friedrichsthal",OPERATIONAL,49.3253711,7.0982755,"Grubenstraße 2, Friedrichsthal",ChIJ12w0pg64lUcRjXAd3DEjp4g
33,Feuerwehr Bildstock,OPERATIONAL,49.3310174,7.088318,"Grühlingstraße 9B, Friedrichsthal",ChIJW26uVRO4lUcROfRGWfhd-qw
34,Freiwillige Feuerwehr Elversberg,OPERATIONAL,49.3189952,7.129055399999999,"Hüttenstraße 12, Spiesen-Elversberg",ChIJmxozbd3HlUcRI5FaqdWS-Vo
35,"Verbundatemschutzwerkstatt der Feuerwehren Illingen, Merchweiler und Schiffweiler",OPERATIONAL,49.3576795,7.096187599999999,"Welzower Platz 1, Schiffweiler",ChIJPXMOWZK5lUcRCyWrZ18y1gA
36,Feuerwehr Gerätehaus,OPERATIONAL,49.1873987,6.8146926,"Bertholdstraße 2, Großrosseln",ChIJsVGU1-aslUcRupcXqnaYA0Y
37,Alte Feuerwehr Emmersweiler,OPERATIONAL,49.1812801,6.8546495,"In den Kreuzlängten 2, Großrosseln",ChIJPaeBdk6tlUcRzmja-OwqIa0
38,"Feuerwehr Großrosseln, LB Süd",OPERATIONAL,49.1709929,6.8425652,"Am Hirschelheck 21, Großrosseln",ChIJ8U8y1jetlUcRakgUEWQ-vZg
39,Sapeurs Pompiers de Stiring-Wendel,OPERATIONAL,49.2018504,6.9239587,"3 Rue du Ctre, Stiring-Wendel",ChIJQ1H_0FSylUcRMjaBRIibxo0
40,Feuerwehr Völklingen Löschbezirk Luisenthal,OPERATIONAL,49.2491488,6.9008717,"Jahnstraße, Völklingen",ChIJ5TCrRPCxlUcRnz8YEgokCmI
41,Sapeurs-Pompiers de Petite-Roselle,OPERATIONAL,49.2125631,6.8632054,"Rue Roger Cadel, Petite-Rosselle",ChIJ_Q8sIZCtlUcRx3AkJo2U8BA
42,Freiwillige GanzTagsSchule,OPERATIONAL,49.2530221,6.860089899999999,"Hohenzollernstraße 11, Völklingen",ChIJn7CknHKulUcR7DanYyoYszA
43,Förderverein der Freiwilligen Feuerwehr Stadt Püttlingen Löschbezirk Köllerbach e.V.,OPERATIONAL,49.3039435,6.8952635,"Friedhofstraße 4, Püttlingen",ChIJmwD76OCvlUcRDQE3IIUVhVE
44,Werkfeuerwehr Saarstahl,OPERATIONAL,49.2534426,6.849493,Völklingen,ChIJ7zd98aivlUcRaRdZuDXZm9g
45,Löschbezirk Herchenbach Gerätehaus,OPERATIONAL,49.3170842,6.900045899999999,"Kyllbergstraße 151a, Püttlingen",ChIJO0HaKfyvlUcRAEofgpua9qY
46,Feuerwehr Völklingen Löschbezirk Geislautern,OPERATIONAL,49.2371643,6.836941899999999,"Im Kirchenfeld 5, Völklingen",ChIJ7e4Tn9KtlUcR443BMy3PkcM
47,Feuerwehr Völklingen Löschbezirk Wehrden,OPERATIONAL,49.24895189999999,6.835933799999999,"Hostenbacher Str. 30, Völklingen",ChIJTyR8poCulUcRRaLt3Z8TmE0
48,Jugendfeuerwehr Lbz-Süd,OPERATIONAL,49.1710799,6.8427067,"Am Hirschelheck 19, Großrosseln",ChIJg85ZHaytlUcRQnIDo9NCGCo
49,Feuerwehr Völklingen Löschbezirk Ludweiler,OPERATIONAL,49.21837009999999,6.807472799999999,"Schulstraße 8A, Völklingen",ChIJgdwGuUOslUcRJWMtDLWoNEg
50,Feuerwehr Heusweiler - LB Holz (LB 6),OPERATIONAL,49.3307508,6.986127199999999,"Holzer Pl., Heusweiler",ChIJU3lhuBO6lUcRmq-l6gC_2MU
51,Freiwillige Feuerwehr,OPERATIONAL,49.3314096,6.985864200000001,"Holzer Pl. 2A, Heusweiler",ChIJl74cvxO6lUcRYMHNbSOVYJE
52,Feuerwehr Heusweiler - LB Wahlschied (LB 12),OPERATIONAL,49.34265,6.99869,"Im Dorf 13, Heusweiler",ChIJd5A_liS6lUcRD1-CX_ZvlSA
53,Feuerwehr Heusweiler - LB Berschweiler (LB 3),OPERATIONAL,49.3397775,6.961238199999999,"Berschweiler Str. 39, Heusweiler",ChIJyZ09z1-6lUcRM3ASOo-N3F8
54,Feuerwehr Heusweiler - LB Ost (LB 7),OPERATIONAL,49.3507797,6.9796828,"Barbarastraße 38a, Heusweiler",ChIJ8VO1-oe7lUcRDI7njcg-0sg
55,Feuerwehr Heusweiler - LB Lummerschied (LB 8),OPERATIONAL,49.3535431,6.9989781,"Wiesbacher Str. 7, Heusweiler",ChIJ15lybjK6lUcRXU5aeWhFegk
56,Feuerwehr Heusweiler - LB Mitte (LB1),OPERATIONAL,49.35202200000001,6.9316559,"Trierer Str. 175, Heusweiler",ChIJj__6nWK7lUcReychnAZiGsM
57,Feuerwehr Heusweiler - LB Obersalbach-Kurhof (LB 11),OPERATIONAL,49.3447865,6.893620599999999,"Zum Weiherwald, Heusweiler",ChIJj7Rj5TillUcRqKRZk9I-J4I
58,"Feuerwehr Illingen, Lbz. Wustweiler",OPERATIONAL,49.3966305,7.039108,"Am Seelbach 1, Illingen",ChIJD9A_h62-lUcRzaZ01Z8Vr6M
59,Feuerwehr Auersmacher,OPERATIONAL,49.1376833,7.058384,"Sitterswalder Str., Kleinblittersdorf",ChIJIVrch6dKlEcRGjdLlxhjD3g
60,Freiwillige Feuerwehr Kleinblittersdorf LB Mitte,OPERATIONAL,49.13765919999999,7.058597,"Sitterswalder Str. 71, Kleinblittersdorf",ChIJw8SlB101lEcRpTexSUfzTts
61,Freiwillige Feuerwehr Bliesmengen-Bolchen,OPERATIONAL,49.15062750000001,7.1138497,"Bliestalstraße 47, Mandelbachtal",ChIJlw4fTyrLlUcRGZmbCkc5lP4
62,Freiwillige Feuerwehr Kleinblittersdorf Löschbezirk 4 Rilchingen-Hanweiler,OPERATIONAL,49.1166321,7.050546199999999,"Am Sportpl. 1, Kleinblittersdorf",ChIJE7fyaH01lEcRN518HFJkVu4
63,Sapeurs-Pompiers de Sarreguemines,OPERATIONAL,49.11306630000001,7.080684900000001,"29 Rue des Tirailleurs, Sarreguemines",ChIJWzOhjgs1lEcRdx0T8FrX4uA
64,FF Kleinblittersdorf LB Bliesransbach,OPERATIONAL,49.1657488,7.090291799999999,"Eschringer Str. 18, Kleinblittersdorf",ChIJbWv0feDLlUcRcu6ipT8V9hA
65,Gerätehaus Löschbezirk Köllerbach,OPERATIONAL,49.3058546,6.9039158,"Sellerbacher Str. 7, Püttlingen",ChIJV7DA66B9C0ERTP-ZZ3OdfVc
66,Freiwillige Feuerwehr Riegelsberg Löschbezirk Walpershofen,OPERATIONAL,49.3229842,6.9155487,"Herchenbacher Str. 35, Riegelsberg",ChIJK_uWXKi6lUcRS-b4pQq7CTM
67,Freiwillige Feuerwehr,OPERATIONAL,49.3001347,7.0661651,"Im Hessenland 2A, Sulzbach/Saar",ChIJxdonaY-3lUcRBOxUooJdYHg
68,Freiwillige Feuerwehr Riegelsberg,OPERATIONAL,49.308707,6.938251999999999,"Alleestraße 2, Riegelsberg",ChIJ8fhA9G-wlUcRV6DcWRymYxo
69,Feuerwehr Merchweiler Gerätehaus,OPERATIONAL,49.3603734,7.059474199999999,"Hauptstraße 82, Merchweiler",ChIJPQD8lwO5lUcR_E-nRtlYCaI
70,bos-store,OPERATIONAL,49.3747722,7.0229783,"Herzstraße 31, Illingen",ChIJSX4OuGC5lUcRmOwc_yUeZ2M
71,Spielmannszug Sulzbach,OPERATIONAL,49.3000068,7.0658458,"Im Hessenland 2, Sulzbach/Saar",ChIJC8HrpJG3lUcRPVKs-pEQuZw
72,Feuerwehr Völklingen Löschbezirk Lauterbach,OPERATIONAL,49.1831554,6.745009899999999,"Köhlerstraße 8, Völklingen",ChIJw4Z9ujirlUcRE0yS8INpfu4
73,Feuerwehr Völklingen Löschbezirk Fürstenhausen,OPERATIONAL,49.2412123,6.864198,"Gutenbergstraße 12, Völklingen",ChIJXXwfguGtlUcRsj3hGUAZmLI
74,"Freiwillige Feuerwehr Beckingen, Löschbezirk Düppenweiler",OPERATIONAL,49.4151099,6.7633272,Beckingen,ChIJuy2sRtKglUcRxRXMnz6nwyI
75,"Feuerwehr, Löschbezirk Beckingen",OPERATIONAL,49.3865896,6.7074649,"In den Rübenstückern 6, Beckingen",ChIJOev20toJlUcRChHkJ8RyQ74
76,"Freiwillige Feuerwehr Beckingen, Löschbezirk Beckingen",OPERATIONAL,49.3922415,6.701667,"Bergstraße 4, Beckingen",ChIJF4u5f8MJlUcRzRwzPAYhWuM
77,"Freiwillige Feuerwehr Beckingen, Löschbezirk Haustadt",OPERATIONAL,49.4122454,6.7203269,"Haustadter-Tal-Straße 143, Beckingen",ChIJLzqTf38JlUcRCFui7bcXsYo
78,"Freiwillige Feuerwehr Beckingen, Löschbezirk Oppen",OPERATIONAL,49.4532283,6.781508499999999,"St.-Florian-Straße 16, Beckingen",ChIJNeM3YVSglUcRoj96kHb3BMs
79,"Freiwillige Feuerwehr Beckingen, Löschbezirk Honzrath",OPERATIONAL,49.42918,6.7296743,"Merchinger Str. 7, Beckingen",ChIJu3CrW6ALlUcRuH2iceFA4VQ
80,"Freiwillige Feuerwehr Beckingen, Löschbezirk Reimsbach",OPERATIONAL,49.4496546,6.7636837,"Auf Köpfchen 2, Beckingen",ChIJD-4f_VeglUcRnrXHwKJgn40
81,"Freiwillige Feuerwehr Beckingen, Löschbezirk Saarfels",OPERATIONAL,49.393688,6.67516,"Fliederstraße 29, Beckingen",ChIJ6e7o7goJlUcRLneNIU3y_XI
82,"Freiwillige Feuerwehr Beckingen, Löschbezirk Erbringen",OPERATIONAL,49.4412931,6.7395399,"Im Dompen 6, Beckingen",ChIJMeSLfpuglUcRwAB_LgwUlas
83,"Freiwillige Feuerwehr Beckingen, Löschbezirk Hargarten",OPERATIONAL,49.4529799,6.736469,"Am Hügel 15, Beckingen",ChIJbxiUNVuhlUcRQcR6AuvLwjY
84,Feuerwehr Bergen,OPERATIONAL,49.5359346,6.6941361,"66679, Losheim am See",ChIJUf1my_l0lUcR3s4v8uvP9JY
85,Freiwillige Feuerwehr Wahlen,OPERATIONAL,49.48813939999999,6.778418299999999,"Wahlener Str. 57, Losheim am See",ChIJU3jkKAChlUcR2kkqZnbOiyA
86,Freiwillige Feuerwehr Rimlingen,OPERATIONAL,49.4740569,6.7171391,"Rimlinger Str. 34, Losheim am See",ChIJA9fRpfkLlUcRgRhOeY6eC6E
87,Freiwillige Feuerwehr Niederlosheim,OPERATIONAL,49.50205,6.77718,"Marienstraße 13, Losheim am See",ChIJm4anEo6flUcRBGQ5FmIVyGw
88,Gemeinde Weiskirchen Löschbezirk Weierweiler,OPERATIONAL,49.52795769999999,6.8180025,"Zum Ehrenmal 2, Weiskirchen",ChIJuy5kwhyflUcRedGDUS2W_Mc
89,Freiwillige Feuerwehr Losheim,OPERATIONAL,49.5053405,6.743678,"Merziger Str. 3, Losheim am See",ChIJcUS07lh1lUcRqHoPoa8zjn4
90,Freiwillige Feuerwehr Britten,OPERATIONAL,49.5199923,6.6707271,"Kiefernweg 10, Losheim am See",ChIJoaFI3L90lUcRWFuaxRkI80g
91,Feuerwehr Scheiden,OPERATIONAL,49.5471625,6.7294604,"Schau ins Land 1, Losheim am See",ChIJPZzhCSF1lUcRZJWxmbP7CF8
92,Freiwillige Feuerwehr Rappweiler,OPERATIONAL,49.5422702,6.7930727,"Hochwaldstraße 23, Weiskirchen",ChIJKbB4wU-elUcRprctzCLq6BA
93,Waldhölzbach,OPERATIONAL,49.5518272,6.7612565,"Kurstraße 1, Losheim am See",ChIJMx4V7CCelUcRNq4dKDJRiWc
94,Feuerwache,OPERATIONAL,49.3703777,6.763063,"Wiesenstraße, Dillingen/Saar",ChIJy9Xq7qqnlUcRIruYeAzoM5I
95,Feuerwehr Wallerfangen Löschzug St.Barbara,OPERATIONAL,49.3321359,6.6820447,"Schloßbergstraße 97, Wallerfangen",ChIJRbPapRIHlUcR4IRuHB52WwY
96,Freiwillige Feuerwehr Fitten,OPERATIONAL,49.4437367,6.598188299999999,"Wendelinusstraße 39, Merzig",ChIJdbWcOkgMlUcRMXXowC6CcO0
97,Fire Station 2 Ramstein AB,OPERATIONAL,49.4518783,7.586639600000001,"Flugplatz Ramstein Geb 1124, Ramstein-Miesenbach",ChIJFbdUsVgLlkcRMJPpa_rGeb4
98,Feuerwehr Merzig,OPERATIONAL,49.4413502,6.6387098,"Am Gaswerk 5a, Merzig",ChIJC2GmVo4LlUcRAXCFIB40R1c
99,Freiwillige Feuerwehr Brotdorf,OPERATIONAL,49.47108679999999,6.6765078,"Heisterweg, Merzig",ChIJ0_b3hRALlUcRifNzFr8OQEg
100,Feuerwehr Schwemlingen-Weiler,OPERATIONAL,49.4682431,6.5910055,"Luxemburger Str. 76, Merzig",ChIJvRjF2P0MlUcRanGlX364gYM
101,Freiwillige Feuerwehr Lbz. Büdingen,OPERATIONAL,49.444563,6.5520541,"Zum Saargau 998, Merzig",ChIJgR8GW90NlUcRIxga1gGy6GE
102,Freiwillige Feuerwehr Menningen,OPERATIONAL,49.40648100000001,6.665430499999999,Merzig,ChIJQf8tkXAJlUcRiK14DXFazVw
103,Freiwillige Feuerwehr Silwingen,OPERATIONAL,49.423543,6.5689518,"Mondorfer Str., Merzig",ChIJ-eoLVn8OlUcRBJTJLKoZhXk
104,Freiwillige Feuerwehr Besseringen,OPERATIONAL,49.4756199,6.6076112,"Pastor-Krayer-Straße 998, Merzig",ChIJGcPXyO0MlUcRBjBv7h-ANvQ
105,Feuerwehr Dillingen/Saar | Löschbezirk Innenstadt,OPERATIONAL,49.35460579999999,6.7234234,"Merziger Str. 60, Dillingen/Saar",ChIJneWaa42nlUcR2D-SBFGNF-U
106,Freiwillige Feuerwehr Wallerfangen Lbz. Mitte,OPERATIONAL,49.31658849999999,6.650662199999999,"Jakobusstraße 53, Wallerfangen",ChIJ23bkdzUGlUcR_9QL4hbh1gY
107,Feuerwehr Leidingen,OPERATIONAL,49.308032,6.6094075,"Ihner Str. 19B, Wallerfangen",ChIJQ3x6uYEHlUcRtsAXlM2zxwM
108,Feuerwehrgerätehäuser Eimersdorf,OPERATIONAL,49.38279,6.65328,"Im Steinrisser 2, Rehlingen-Siersburg",ChIJ8fargRsJlUcRNuqR3uu5lDw
109,Freiwillige Feuerwehr,OPERATIONAL,49.4045573,6.6502781,"Herrenstraße 6, Rehlingen-Siersburg",ChIJ1XhjwmkJlUcR1vhLGjgJ8QU
110,Freiwillige Feuerwehr Bietzen,OPERATIONAL,49.412552,6.6530406,"Martinusstraße 30B, Merzig",ChIJTdxijUcJlUcRRyFBt_mDAJI
111,Feuerwehrgerätehäuser,OPERATIONAL,49.3865106,6.6148938,"Kumpfwies 4, Rehlingen-Siersburg",ChIJQWM8xNMOlUcRQNXwRf-6A8Y
112,Freiwillige Feuerwehr Wittersheim,OPERATIONAL,49.1854329,7.1651601,"Merowingerstraße 18, Mandelbachtal",ChIJmz3yaQDLlUcRs3N0ukpGJ_M
113,Freiwillige Feuerwehr Bebelsheim,OPERATIONAL,49.1651017,7.1620992,"Kaiserstraße 55, Mandelbachtal",ChIJn_sQwGDLlUcRL48rqskYfYo
114,Freiwillige Feuerwehr Bliesdalheim,OPERATIONAL,49.1727512,7.236713699999999,"L105 34-28, Gersheim",ChIJw-2hhg7NlUcRskH5Umnq3xg
115,Feuerwehr Stadt Ottweiler,OPERATIONAL,49.4058144,7.1577932,"Im Alten Weiher 12, Ottweiler",ChIJxbIuecHAlUcRG_QVi42mnm4
116,Freiwillige Feuerwehr Mainzweiler,OPERATIONAL,49.4178507,7.1185941,"Stegbachstraße 2, Ottweiler",ChIJCUxRTWS_lUcRSX5Y0MJWQbU
117,KMC Fire Station 1,OPERATIONAL,49.4409152,7.6022652,Ramstein-Miesenbach,ChIJwWi_QWd1lkcRAoLErGqgh2k
118,Freiwillige Feuerwehr Gersheim,OPERATIONAL,49.1453719,7.202904299999999,"Lohweg 1, Gersheim",ChIJMycmRdHMlUcRt-WeKiVQS-A
119,Feuerwehr Friedrichweiler,OPERATIONAL,49.2396324,6.7463603,Wadgassen,ChIJtyrgk6mrlUcRt3KtjCnG3SE
120,Feuerwehrleute,OPERATIONAL,49.1583577,7.028522499999999,"5 Rue des Fermes, Grosbliederstroff",ChIJR5o4uzG1lUcRL02IR2vQtlI
121,Sapeurs-Pompiers de Blies Ebersing,OPERATIONAL,49.1244625,7.1440639,Blies-Ébersing,ChIJH9PmiGk1lEcRD5xTAWHDvfk
122,Löschbezirk Altforweiler,OPERATIONAL,49.2735949,6.708023799999999,Überherrn,ChIJ2cHvjMKplUcRKbL_y8d6SiQ
123,Freiwillige Feuerwehr Tholey Löschbezirk Hasborn-Dautweiler,OPERATIONAL,49.4871688,6.9765919,"Am Waldstadion 16, Tholey",ChIJq2RZ9NuXlUcRpuhUjvSxCdE
124,Freiwillige Feuerwehr Bachem,OPERATIONAL,49.4779243,6.705565699999999,"Quellenstraße 1, Losheim am See",ChIJD_NBwMIKlUcR8J2kNiqaMuc
125,Freiwillige Feuerwehr Saarhölzbach,OPERATIONAL,49.51452829999999,6.6055869,"Bachstraße, Mettlach",ChIJldXHPCZzlUcR3ZEY4H2-P-A
126,Freiwillige Feuerwehr Neunkirchen - Lbz. Wellesweiler,OPERATIONAL,49.3470368,7.225213399999999,"Berthold-Günther-Platz, Neunkirchen",ChIJo6dKbTLElUcROLtHzW-W-KE
127,Freiwillige Feuerwehr Lebach - Löschbezirk 8 Niedersaubach,OPERATIONAL,49.4230307,6.9186309,"Geranienweg 1B, Lebach",ChIJtX6YhjejlUcRxXP6Zhq09fI
128,"Freiwillige Feuerwehr, Löschbezirk Mettlach",OPERATIONAL,49.49402,6.5979076,"Bahnhofstraße, Mettlach",ChIJtwekIC4NlUcRA0w1loppalY
129,Feuerwehr Nohn,OPERATIONAL,49.4844962,6.5409486,"Johann-Biewer-Straße 2, Mettlach",ChIJyblNdU4TlUcR4S0MW7cm7Ws
130,Freiwillige Feuerwehr Tuensdorf,OPERATIONAL,49.4772831,6.501066600000001,Mettlach,ChIJgefApPoSlUcRGF4C8rX-Q30
131,Freiwillige Feuerwehr Orscholz,OPERATIONAL,49.50733839999999,6.5277065,"Moselstraße 68, Mettlach",ChIJCT6EUBxtlUcRdSVOmZ8c4rw
132,Feuerwehr Weiten,OPERATIONAL,49.5290135,6.539007600000001,"Lothringer Str. 13, Mettlach",ChIJ_Y8QX2ptlUcRjquVYwYsgIw
133,Feuerwache Heusweiler.,CLOSED_PERMANENTLY,49.3402873,6.933265899999999,"Trierer Str. 36, Heusweiler",ChIJFzMRKPq7lUcRIt7J4IqrnFI
134,"Freiwillige Feuerwehr, Löschbezirk Wiesbach",OPERATIONAL,49.3696835,6.9808093,"Kirchenstraße 3A, Eppelborn",ChIJbZI17bq7lUcRkKqiJkgWRXk
135,"Feuerwehr Illingen, Lbz. Uchtelfangen",OPERATIONAL,49.3765247,7.0185302,"In d. Gaß 1, Illingen",ChIJtb1a_F-5lUcRcMssSZTaxoA
136,Feuerwehr Eppelborn - Löschbezirk Habach,OPERATIONAL,49.3814942,6.952353400000001,"Großwaldstraße 15, Eppelborn",ChIJN26Lwmy7lUcRyi4BED8CIcI
137,Freiwillige Feuerwehr Löschzug Dreisbach,OPERATIONAL,49.4843494,6.5664221,"Deltstraße 8, Mettlach",ChIJy11yPEANlUcRARCKGVM7mwI
138,Freiwillige Feuerwehr,OPERATIONAL,49.4767873,6.5110793,"Mühlenstraße 5, Mettlach",ChIJlXXTEfISlUcRsFGnB79jjA4
139,Freiwillige Feuerwehr Faha,OPERATIONAL,49.52643699999999,6.4892489,"Am Rosenberg 5, Mettlach",ChIJBSuyOsNslUcRUuYmecjHfGM
140,Freiwillige Feuerwehr Aßweiler,OPERATIONAL,49.2172154,7.1876175,"Seelbacher Str. 2b, Blieskastel",ChIJaRqf7wPMlUcRCghMiU68yJY
141,Feuerwehr Kirkel-Neuhäusel,OPERATIONAL,49.2871683,7.230209999999999,"Eisenbahnstraße 15, Kirkel",ChIJCag_2BnPlUcREH8p718yKlM
142,"Freiwillige Feuerwehr Lebach, Löschbezirk 10 Thalexweiler",OPERATIONAL,49.4445042,6.9615893,"Schaumbergstraße 93, Lebach",ChIJK7quLxm9lUcRtq0yVKkAQP4
143,Freiwillige Feuerwehr Nunkirchen,OPERATIONAL,49.4889497,6.8364287,"Weiskircher Str. 9, Wadern",ChIJwQQNhf2hlUcRT-gKJqJhsBM
144,Feuerwehrgerätehaus,OPERATIONAL,49.5294088,6.925076499999999,"Turmstraße 12, Wadern",ChIJkeHiGbSZlUcRz8H00LGdQHU
145,Freiwillige Feuerwehr Löstertal,OPERATIONAL,49.5640131,6.9282755,"Kasteler Str. 5, Wadern",ChIJ7d97gk6ZlUcR2bXqNmi0Qyk
146,Freiwillige Feuerwehr Kastel,OPERATIONAL,49.5707801,6.968638899999999,"Im Brühl 6, Nonnweiler",ChIJ7SUMYwealUcRv8b7TK0sfL0
147,Freiwillige Feuerwehr -LBZ Kastel,OPERATIONAL,49.5717459,6.9700475,"In d. Meß 8, Nonnweiler",ChIJCdoo6aiQlUcRgsdv4J8NO3A
148,Freiwillige Feuerwehr Morscholz,OPERATIONAL,49.5588963,6.8589959,"Probsteistraße 2, Wadern",ChIJhX27AwKflUcRio-sRT-JgCs
149,Freiwillige Feuerwehr Wadgassen Löschbezirk Mitte,OPERATIONAL,49.25921229999999,6.8091933,"Sengsterstraße 14, Wadgassen",ChIJ6zKdaT-vlUcRy2lhOv3S8dk
150,Freiwillige Feuerwehr Werbeln,OPERATIONAL,49.2454695,6.795926499999999,"Zum Mühlenbach 1, Wadgassen",ChIJwbUzTQKslUcR8KP5g0mVA5s
151,Freiwillige Feuerwehr Blickweiler,OPERATIONAL,49.2130406,7.252604400000001,"Blieskasteler Str. 6, Blieskastel",ChIJCUHhMADNlUcRFHq1vla-Qzk
152,Feuerwehrgerätehaus,OPERATIONAL,49.3533912,6.8095069,"Wilhelmstraße 9, Saarwellingen",ChIJO5sVP3SmlUcR0t8Gp97DDZM
153,Feuerwehr Saarwellingen,OPERATIONAL,49.3534079,6.8093872,"Schloßstraße 31-33, Saarwellingen",ChIJ5bUxtXWmlUcRlwWPieLZsFM
154,Freiwillige Feuerwehr LBZ Primsweiler,OPERATIONAL,49.4082724,6.8565837,"Von-Stauffenberg-Straße 3, Schmelz",ChIJPQ_z0o2jlUcR6TouTh0dVec
155,"Feuerwehr Illingen, Lbz. Welschbach",OPERATIONAL,49.3960844,7.0891375,"Querstraße 11, Illingen",ChIJ4Yo_4TO_lUcRdkrg4pkWjU8
156,Feuerwehr-Hirzweiler,OPERATIONAL,49.4026895,7.0780164,"Am Zimmerpl. 13, Illingen",ChIJ27eMhyi_lUcREFjz_nHcVOc
157,Freiwillige Feuerwehr Lebach - Löschbezirk 4 West,OPERATIONAL,49.3791685,6.895893,"Golocher Weg 1, Lebach",ChIJGZUlHGCllUcRTjT1FrTLfcQ
158,Feuerwehr-Gerätehaus Hierscheid,OPERATIONAL,49.3975727,6.9908454,"Florianweg 7, Eppelborn",ChIJdWRZ7om7lUcRqTLnmdsHnto
159,Freiwillige Feuerwehr Lebach - Löschbezirk 9 Steinbach,OPERATIONAL,49.4610969,6.9573608,"Pestalozzistraße, Lebach",ChIJu8UqRke9lUcRaB3SkXclUWE
160,Freiwillige Feuerwehr Biesingen,OPERATIONAL,49.22170699999999,7.205918100000001,"Im Dorf 40a, Blieskastel",ChIJW7wzBCDMlUcR8jvV3KkqeMY
161,Feuerwehr Pinningen,OPERATIONAL,49.1681041,7.288934999999999,"Seyweilerstraße 39, Blieskastel",ChIJO5AxBI3SlUcRWDaSJa7ynIQ
162,Feuerwehr Zweibrücken,OPERATIONAL,49.2497794,7.374534700000001,"Landauer Str. 76, Zweibrücken",ChIJMcyozxfRlUcRbRhdTeDg_Ns
163,Freiwillige Feuerwehr Rimschweiler,OPERATIONAL,49.2217947,7.375268,"Vogesenstraße 77c, Zweibrücken",ChIJxyOTlFPRlUcRbh_RlBHWuAQ
164,Freiwillige Feuerwehr Gerätehaus Güdesweiler,OPERATIONAL,49.5219128,7.1061795,"Steinberger Str. 3, Oberthal",ChIJg_G4Z_iUlUcR-JZ7n0FiBPE
165,Freiwillige Ganztagsschule,OPERATIONAL,49.4142762,6.9045039,"Mottener Str. 46, Lebach",ChIJZzTF0EKjlUcRmvJRKMhQgCk
166,Ford Werkfeuerwehr,OPERATIONAL,49.3445177,6.7663837,"Henry-Ford-Straße 1, Saarlouis",ChIJnfE8MMenlUcRIbyw8PMmiHE
167,Werkfeuerwehr Dillinger Hütte,OPERATIONAL,49.3543467,6.7342564,"Werkstraße 1, Dillingen/Saar",ChIJhUzQm02nlUcRtkkjb9OZHYc
168,Freiwillige Feuerwehr Bohnental,OPERATIONAL,49.4882599,6.941369099999999,"Ulmenstraße 18, Tholey",ChIJIfUV8aCilUcRB7x09tK2sKQ
169,Feuerwehr Überherrn LBZ Felsberg,OPERATIONAL,49.2916531,6.693483199999999,"Schulstraße 17, Überherrn",ChIJRcESbtWplUcRokRl-ivvPew
170,Werkfeuerwehr Stahlwerk Bous,OPERATIONAL,49.274846,6.791330899999999,"Saarstraße 1, Bous",ChIJlc5C1tSplUcR4Uu9FGyMRsc
171,Feuerwache Oberleuken,OPERATIONAL,49.5065803,6.4664483,"Mühlenstraße 28, Perl",ChIJZZlwC0wTlUcR-ymczQqFWl0
172,Feuerwehr Wadern,OPERATIONAL,49.5430161,6.8886935,"Nordring, Wadern",ChIJO8mgRdmYlUcRPKR4RVN5vd8
173,Freiwillige Feuerwehr Steinberg,OPERATIONAL,49.57024260000001,6.847571299999999,"Waldstraße 3, Wadern",ChIJi_yob6eelUcRIUVBV7ncdGQ
174,Feuerwehr Wadrill,OPERATIONAL,49.5833021,6.8817682,"Seelbachstraße 8, Wadern",ChIJ46iWVhublUcRvmnb_X55DBw
175,Feuerwehr Wallerfangen Lbz.Ittersdorf,OPERATIONAL,49.297482,6.6628661,"Zum Gerätehaus 2, Wallerfangen",ChIJrST8wJ8HlUcR0dquET2X7Q0
176,Feuerwehr St. Wendel - Lbz. Winterbach,OPERATIONAL,49.474635,7.1002607,"Im Schuleck, St. Wendel",ChIJ8V1eb2iVlUcRA9hfX5zZamY
177,Freiwillige Feuerwehr Löschbezirk Tholey,OPERATIONAL,49.481193,7.0358604,"Dr.Adenauer Str. 19, Tholey",ChIJGf7_vQOWlUcR_9NBbJDixOI
178,Freiwillige Feuerwehr LBZ Dorf im Bohnental,OPERATIONAL,49.4862541,6.9178291,"Im Bohnengarten 1, Schmelz",ChIJXxO90eehDEERvzV6KgWeUyM
179,Feuerwehr Gerätehaus Ihn,OPERATIONAL,49.3220034,6.604402599999999,"Im Ecken 17, Wallerfangen",ChIJm8lUbNgFlUcRTYJxp6u4a-g
180,Freiwillige Feuerwehr Löschbezirk Namborn,OPERATIONAL,49.5207707,7.143600699999999,"St.Floriansweg 8, Namborn",ChIJnbSdE9CUlUcRt2EGUJYHOvE
181,Freiwillige Feuerwehr Bueschfeld,OPERATIONAL,49.492217,6.8641514,Wadern,ChIJfdN_CqSYlUcRnCKllKCLOkI
182,Freiwillige Feuerwehr Lockweiler,OPERATIONAL,49.5293749,6.925073299999999,"66687, Turmstraße, Wadern",ChIJFXyppLOZlUcRJCrhPlZY52w
183,Freiwillige Feuerwehr Noswendel,OPERATIONAL,49.5241331,6.8710225,"Ahornweg 1A, Wadern",ChIJN7LVpNmYlUcR93ThC8y3yck
184,Feuerwehr,OPERATIONAL,49.5650738,6.5981735,Taben-Rodt,ChIJgzqo9P9zlUcRa6PglQjCEuY
185,Feuerwehr Gerätehaus,OPERATIONAL,49.5097664,7.0789484,"Schwimmbadstraße 37A, Oberthal",ChIJGza0XraVlUcR25KBzzRI_nI
186,Feuerwehrgerätehaus,OPERATIONAL,49.5503335,7.0612471,"Am Freizeitpark 2, Nohfelden",ChIJJeNE78CXlUcRRcsVR4I4Hs4
187,Freiwillige Feuerwehr LBZ Gresaubach,OPERATIONAL,49.4530545,6.9031378,"Wendalinusstraße 66, Lebach",ChIJc2ryN3WjlUcRjXvTfaRuAz8
188,Freiwillige Feuerwehr Lebach - Löschbezirk 3 Dörsdorf,OPERATIONAL,49.47415220000001,6.9593108,"Schulstraße 10, Lebach",ChIJbRRH_xm9lUcRU1OKXtDJLsk
189,Feuerwehrwache Lindscheid,OPERATIONAL,49.489873,6.9265483,"Lindenstraße 1, Tholey",ChIJ5aW6c-mZlUcRFogo8YgQ3BU
190,Freiwillige Feuerwehr Selbach,OPERATIONAL,49.5379104,7.0368469,"An der Biermauer 3, Nohfelden",ChIJ-VnjSuyXlUcRtY7MrmM-Fdw
191,Freiwillige Feuerwehr Biringen,OPERATIONAL,49.4112395,6.546404,"Dorfstraße 9, Rehlingen-Siersburg",ChIJOeCUxNMOlUcRsKltDzS_5PE
192,Feuerwehr Eppelborn,OPERATIONAL,49.4000796,6.966928299999999,"Schleidstraße 19c, Eppelborn",ChIJwcaBlOq8lUcR0iPChnh5cS4
193,Freiwillige Feuerwehr Dirmingen,OPERATIONAL,49.4193589,7.018263699999999,"Böllingerstraße 6b, Eppelborn",ChIJB0hhZwC9lUcRfqmNaX5H04M
194,Freiwillige Feuerwehr Wadrill,OPERATIONAL,49.5862729,6.892860799999999,"Martinusstraße 9A, Wadern",ChIJuy6Qj-qblUcRSFXHXW4OB18
195,Freiwillige Feuerwehr Sitzerath,OPERATIONAL,49.6002456,6.9258525,"Im Unterdorf, Nonnweiler",ChIJ14I6tymblUcRp3yzCc1r4Vc
196,Sapeurs-Pompiers de Waldwisse,OPERATIONAL,49.4149824,6.5302069,"Rue de l'Église, Waldwisse",ChIJdQeRdPUPlUcRFwn0z5gxrNI
197,"Feuerwehr Illingen, Lbz. Illingen",OPERATIONAL,49.3746501,7.047649,"Schulstraße 55, Illingen",ChIJ85YxHj65lUcRM92FtxZEMLg
198,Freiwillige Feuerwehr Weiskirchen,OPERATIONAL,49.55553459999999,6.825976100000001,"Konfelder Str. 20, Weiskirchen",ChIJkZsHNJKelUcR4bm38d9Rx00
199,Feuerwehr Humes,OPERATIONAL,49.3887147,6.998812399999999,"In d. Humes 40b, Eppelborn",ChIJUTU_7v-7lUcRYjyjq7ncWgM
200,Freiwillige Feuerwehr Lebach - Löschbezirk 7 Landsweiler,OPERATIONAL,49.3900052,6.9309411,"Zum Stangenwald 19, Lebach",ChIJkVNTsE-7lUcRXjXYee3ccTk
201,Feuerwehrgerätehaus Bubach-Calmesweiler,OPERATIONAL,49.4065947,6.9477229,"St. Martinstraße 7a, Eppelborn",ChIJRXs_L6K8lUcR-Skt-4vBclo
202,"Freiwillige Feuerwehr, Löschbezirk Macherbach",OPERATIONAL,49.42318050000001,6.954327399999999,"In Macherbach 70, Eppelborn",ChIJK6CThOq8lUcRYNqNFwZ4VL4
203,"Freiwillige Feuerwehr Lebach, Löschbezirk 2 Aschbach",OPERATIONAL,49.4309447,6.946204499999999,"In d. Hauschied 3, Lebach",ChIJ37PNJcW8lUcRxx5h_NHX6L0
204,Löschbezirk Steinbach der Freiwilligen Feuerwehr Ottweiler,OPERATIONAL,49.4079901,7.2092515,"Am Dorfbrunnen 8, Ottweiler",ChIJiYPl72nBlUcR6nsV-rz6ufc
205,Freiwillige Feuerwehr Steinbach am Glan,OPERATIONAL,49.4522036,7.3772966,"Hauptstraße 116, Steinbach am Glan",ChIJ4Tz-N2PdlUcRAp55yltwes8
206,Freiwillige Feuerwehr Lbz. Haupersweiler (Feuerwache 5),OPERATIONAL,49.5126172,7.270784099999999,"Stockgarten 4, Freisen",ChIJU7bSFNTplUcRqqJhKcGrBO0
207,Gonnesweiler • Freiwillige Feuerwehr,OPERATIONAL,49.56427619999999,7.0911512,"Römerweg 1A, Nohfelden",ChIJlVFyT42TlUcRpdx2InerwBg
208,Freiwillige Feuerwehr,OPERATIONAL,49.5681186,7.1805348,"Römerstraße 33, Nohfelden",ChIJCXzvMO_tlUcRMYwynF5Jz-s
209,Freiwillige Feuerwehr,OPERATIONAL,49.5841558,7.115373399999999,"Von-Boch-Straße 6, Nohfelden",ChIJsZAqEKaTlUcR4kuM1717FGc
210,Freiwillige Feuerwehr,OPERATIONAL,49.60921039999999,6.9696066,"Ringstraße 22, Nonnweiler",ChIJfZwXWoGalUcRC_zS1Ebna_o
211,Feuerwehr Saarlouis - Löschbezirk Ost,OPERATIONAL,49.3334118,6.763802399999999,"Kurt-Schumacher-Allee 105, Saarlouis",ChIJtT9PmymmlUcR7Qbf3d2PSLQ
212,Feuerwehr Spiesen-Elversberg Gerätehaus,OPERATIONAL,49.3132095,7.147734600000001,"Paulstraße 5, Spiesen-Elversberg",ChIJmxozbd3HlUcRQndkF2Dz3Uo
213,Freiwillige Feuerwehr Löschbezirk Spiesen,OPERATIONAL,49.3133394,7.1483694,"Paulstraße 7A, Spiesen-Elversberg",ChIJ7SYCTdHHlUcRiNnlxEmLh_g
214,Freiwillige Feuerwehr Heiligenwald,OPERATIONAL,49.3576657,7.0960129,"Am Petinger Platz 1, Schiffweiler",ChIJ8WALpsq5lUcRzUTqmdIOY6E
215,Freiwillige Feuerwehr Landsweiler-Reden,OPERATIONAL,49.35741549999999,7.1331718,"Prinzstraße 20, Schiffweiler",ChIJC_1zWXDHlUcR7Z2OUnpiUHo
216,Freiwillige Feuerwehr Schiffweiler,OPERATIONAL,49.372375,7.1283729,"Greifenburger Platz 1, Schiffweiler",ChIJTw5z4VzHlUcRenzTArmiHQI
217,"Feuerwehr Merchweiler, Lbz. Wemmetsweiler",OPERATIONAL,49.36998579999999,7.087626999999999,"Heinrichstraße 3, Merchweiler",ChIJaRJTTuq4lUcR9TXAbD246sQ
218,LBZ Marpingen,OPERATIONAL,49.4539197,7.0630264,"Auf Gottrod 9, Marpingen",ChIJOTgVIkC-lUcRshBxnIsn6JI
219,Feuerwehr St. Wendel - Lbz. Oberlinxweiler,OPERATIONAL,49.45404860000001,7.146402999999999,"Am Flur 14, St. Wendel",ChIJT6U5PwzAlUcRNLb8iZdh-Fk
220,Feuerwehr St. Wendel - Lbz. Niederlinxweiler,OPERATIONAL,49.4307946,7.159380199999999,"Ottweilerstraße 16, St. Wendel",ChIJDWDlBCSVlUcRNsRNhGYjFp0
221,Freiwillige Feuerwehr St.Wendel - LBZ Remmesweiler,OPERATIONAL,49.4408353,7.1272851,"Zum Kappelteich 9, St. Wendel",ChIJx1HXuAm_lUcRlGO_PrFtBeM
222,Gerätehaus FFW Fürth,OPERATIONAL,49.4203503,7.241104,"Auf d. Steige 11, Ottweiler",ChIJV2pMRNLDlUcRG8hEB65SJRY
223,Freiwillige Feuerwehr Dillingen/Saar,OPERATIONAL,49.3702907,6.7632008,"Richard-Wagner-Straße, Dillingen/Saar",ChIJE1RN3AanlUcRpYIF_l0-dxU
224,Feuerwehr Münchwies,OPERATIONAL,49.3945487,7.2462228,"Turmstraße 5-7, Neunkirchen",ChIJCS7sU_nDlUcRRWAGKRTaksM
225,Feuerwache Neunkirchen,OPERATIONAL,49.34556540000001,7.185192799999999,"Friedensstraße 11, Neunkirchen",ChIJI3EgiV_GlUcRhfvl7zFATyY
226,Feuerwehr Furpach,OPERATIONAL,49.3240995,7.213253499999999,"Volkerstal 36, Neunkirchen",ChIJhZY97t3FlUcRU8TL-ml9OoE
227,FFW Neunkirchen-Ludwigsthal,OPERATIONAL,49.3283468,7.223007399999999,"Im Stillen Winkel 10, Neunkirchen",ChIJ7bpqfMTFlUcR2BPo32le5rk
228,Heinz Kurzhals,OPERATIONAL,49.34967289999999,7.2466097,"An d. Grubenbahn 10, Bexbach",ChIJdabNp0_ElUcRzFO9NAZGgNw
229,Freiwillige Feuerwehr Lebach - Löschbezirk 1 Lebach,OPERATIONAL,49.40591740000001,6.8954328,"Dillinger Str. 110, Lebach",ChIJ05b7vGGjlUcRbLbL3bcDHzg
230,Feuerwehr Rehlingen,OPERATIONAL,49.3766052,6.685358399999999,Rehlingen-Siersburg,ChIJy5GGQ7MJlUcRF1h20o6FT0k
231,Freiwillige Feuerwehr Siersburg,OPERATIONAL,49.3618809,6.6591667,"Hauptstraße 80A, Rehlingen-Siersburg",ChIJX1_PhPoIlUcRKTPkG1VaDug
232,Freiwillige Feuerwehr Hemmersdorf,OPERATIONAL,49.3553432,6.6146557,"Niedaltdorfer Str. 12, Rehlingen-Siersburg",ChIJGz03HrMIlUcRS1pMb2qPMSg
233,Freiwillige Feuerwehr,OPERATIONAL,49.3755823,6.5947407,"Kreuzstraße 5a, Rehlingen-Siersburg",ChIJGVxIKiIPlUcRwHquy6CSlnQ
234,Feuerwehr Homburg,OPERATIONAL,49.3302981,7.335680999999999,"Am Hochrech 3, Homburg",ChIJQeUeO-falUcRH7i4hvHaBUE
235,Freiwillige Feuerwehr Rathaus,OPERATIONAL,49.30157,6.76106,"Großstraße 54, Saarlouis",ChIJsWoVO_ColUcRK56iaHKYwDQ
236,Feuerwehr Saarlouis,OPERATIONAL,49.312192,6.7560211,"Lisdorfer Str. 19, Saarlouis",ChIJAU1SEIuolUcRdlHIfQ5ZtxM
237,Förderverein der Feuerwehr Saarlous West e.V.,OPERATIONAL,49.3037988,6.7242709,"Sportplatzstraße 149, Saarlouis",ChIJYx_zbDiolUcRBAUGaVWCfPk
238,Freiwillige Feuerwehr Ensdorf,OPERATIONAL,49.3084037,6.775767699999999,"Saarlouiser Str. 6, Ensdorf",ChIJ7XaKpuqolUcR2RYX-O7CpQI
239,Freiwillige Feuerwehr Saarwelligen Lbz. Reisbach,OPERATIONAL,49.3613674,6.8787204,"Kirchenstraße 73, Saarwellingen",ChIJO3C2_ByllUcRcef418QsLVw
240,Freiwillige Feuerwehr Bilsdorf,OPERATIONAL,49.3830295,6.823396199999999,"Friedhofstraße 11, Nalbach",ChIJMW8ti52mlUcRZLviPRlVnZw
241,Feuerwehr Nalbach,OPERATIONAL,49.3772683,6.788543199999999,"An d. Feuerwache, Nalbach",ChIJXYNZrNGnlUcRITEc0ur_vbs
242,Freiwillige Feuerwehr Piesbach,OPERATIONAL,49.3895859,6.8061034,"Kirchenstraße, Nalbach",ChIJC19xlb2mlUcRfMK6SFFv-30
243,Feuerwehr Wallerfangen Löschgruppe Gisingen,OPERATIONAL,49.33278660000001,6.654707999999999,"Zum Scheidberg 12, Wallerfangen",ChIJxQ2g21EHlUcRTzRUGtF0Noc
244,Freiwillige Feuerwehr Elm,OPERATIONAL,49.2924227,6.8349601,"Grubenstraße 1A, Schwalbach",ChIJiw9mzgSvlUcRSjJXcLCx4fQ
245,Schützengilde Schmelz e.V.,OPERATIONAL,49.41700720000001,6.839715,"Auf d. Klaus 8, Schmelz",ChIJsfgKqPqjlUcRTj6VM-G1v5c
246,Freiwillige Feuerwehr Hüttersdorf,OPERATIONAL,49.4237002,6.8438159,"Berliner Str. 26, Schmelz",ChIJ8TDp3uijlUcR9S5qFKQQ2Dk
247,Freiwillige Feuerwehr LBZ Schmelz,OPERATIONAL,49.4353126,6.8434268,"Zur Primshalle 2, Schmelz",ChIJeao_psqjlUcR7hj-KMf-ggc
248,Freiwillige Feuerwehr Schwarzenholz,OPERATIONAL,49.3345815,6.8634371,"Dorfstraße 20, Saarwellingen",ChIJlZz6F3mllUcRF2edXuuGg3o
249,Freiwillige Feuerwehr Differten,OPERATIONAL,49.242098,6.7789718,"Denkmalstraße, Wadgassen",ChIJAd99ibyulUcRYWLQ5QZhwVA
250,Freiwillige Feuerwehr Schwalbach,OPERATIONAL,49.2964035,6.8109626,"St.-Florian-Straße, Schwalbach",ChIJPwO3WSWvlUcRQlitWaxdvzk
251,Freiwillige Feuerwehr Huelzweiler,OPERATIONAL,49.3181715,6.814498299999999,"Kindergartenweg 31, Schwalbach",ChIJ83UKP1CvlUcRllKAuAZazHY
252,"FFW Überherrn, Löschbezirk 3 Berus",OPERATIONAL,49.2642839,6.694011799999999,"Ittersdorfer Str. 2, Überherrn",ChIJ9W5HIOOplUcRWhwd-RK-M5U
253,Feuerwehr Bous,OPERATIONAL,49.282125,6.7953123,"Zur Schafbrücke 15, Bous",ChIJd8-MUNOulUcRwFj3lbXztuY
254,Freiwillige Feuerwehr Ensdorf,OPERATIONAL,49.3088172,6.7785569,"Provinzialstraße 101A, Ensdorf",ChIJBZ9A0sColUcR2AWt8E8TNrQ
255,Freunde historischer Fahrzeuge und Technik Saarlouis e.V.,OPERATIONAL,49.323453,6.7651998,"Am Alten Eisenwerk, Saarlouis",ChIJGx7I7oSolUcRBxWWr9fwvlI
256,Sapeurs Pompiers de Spicheren,OPERATIONAL,49.1908085,6.9653756,"Place de la Charente, Spicheren",ChIJOxJRhqizlUcREjNSFUzuHsA
257,Freiwillige Feuerwehr LBZ Dorf im Bohnental,OPERATIONAL,49.4855356,6.9161904,"Mühlenbergstraße 3, Schmelz",ChIJSe8hdnWYlUcR1V48cXZOXo8
258,Freiwillige Feuerwehr Michelbach,OPERATIONAL,49.4656471,6.833008899999999,"Zum Lückner 18, Schmelz",ChIJf0flXYqhlUcRABn24B12tyI
259,Sapeurs Pompiers,OPERATIONAL,49.25248389999999,6.6666019,"Pl. du Château, Merten",ChIJ942R-rQAlUcRMAmTF8BLJAw
260,Feuerwehr Wallerfangen,OPERATIONAL,49.3284198,6.706709099999999,"Sportplatzstraße, Wallerfangen",ChIJRweGGQKolUcRva2GCbG48vY
261,Bexbach,OPERATIONAL,49.3502077,7.251089,"Wellesweilerstraße 5, Bexbach",ChIJ7yu2PFDElUcRbJeTyCZX5yI
262,Freiwillige Feuerwehr Gerätehaus Bexbach,OPERATIONAL,49.352877,7.251142400000001,"Lessingstraße 43, Bexbach",ChIJJ2IUtVrElUcR5cjrUneQJVc
263,Feuerwehr Kirkel Löschbezirk Altstadt,OPERATIONAL,49.3228109,7.287841599999999,"Am Dorfpl. 4, Kirkel",ChIJsTpcZznFlUcRA16FBb0AYjY
264,Freiwillige Feuerwehr Bexbach - Löschbezirk Kleinottweiler,OPERATIONAL,49.3476867,7.288844099999999,"Mühlenstraße 13, Bexbach",ChIJh_wCp3fElUcRtVAXcwMbUzI
265,Freiwillige Feuerwehr Frankenholz,OPERATIONAL,49.3798393,7.256349999999999,"Am Hirtenberg 1, Bexbach",ChIJM62NJHfElUcRBloagO5z1jM
266,Feuerwehr Oberbexbach,OPERATIONAL,49.3724575,7.269227899999999,"Stockwäldchen 15, Bexbach",ChIJEfEFjIfElUcRCWMbEzJEZ2Q
267,Wehrführer der Gemeinde Wadgassen,OPERATIONAL,49.2504548,6.8134929,"Zur Lambertstraße 68, Wadgassen",ChIJX5nYN5-ulUcR1hJP-n3Xpyg
268,Löschbezirk Wadgassen,CLOSED_PERMANENTLY,49.263022,6.797478099999999,"Treppenstraße 51, Wadgassen",ChIJZdRDubaulUcRQJ9wDAhndoU
269,Freiwillige Feuerwehr Limbach,OPERATIONAL,49.4743145,6.892876999999999,"Dorfstraße 102, Schmelz",ChIJ5dn0v4iilUcRWDn2A3FP4FM
270,Freiwillige Feuerwehr Breitfurt,OPERATIONAL,49.19694459999999,7.2451112,"Mühlenweg 1, Blieskastel",ChIJWQ-G9L_NlUcRex223iPvxEA
271,Freiwillige Feuerwehr Breitfurt neues Gerätehaus,OPERATIONAL,49.1971287,7.2452569,"Bliesdalheimer Str. 65, Blieskastel",ChIJkSyPBr_NlUcRkKBGVDemz9E
272,Feuerwehr Blieskastel,OPERATIONAL,49.24273350000001,7.259786999999999,"Bliesgaustraße 31, Blieskastel",ChIJC1zFl0DOlUcRsIDMzd0T_BI
273,Freiwillige Feuerwehr Bierbach,OPERATIONAL,49.2633357,7.2803399,"Im Serrstrang 5, Blieskastel",ChIJsRO0idHPlUcRklvhR7PDVKA
274,Feuerwehr Kirrberg,OPERATIONAL,49.302511,7.3685322,"Am Dorfpl. 5, Homburg",ChIJbwJIwnHalUcR0QRin8gpTrs
275,KMC Fire Station 4,OPERATIONAL,49.4045503,7.5647562,"Geb 3736, Landstuhl",ChIJ3XRR8yl1lkcRxysXsWpXNzo
276,Feuerwehr Wolfersheim,OPERATIONAL,49.1911716,7.2271271,"Wolfharistraße 53, Blieskastel",ChIJaZYRFLLNlUcR4PeLZKJzCT0
277,Freiwillige Feuerwehr Niederwürzbach,OPERATIONAL,49.24589599999999,7.2053292,"Im Kellerfeld 7, Blieskastel",ChIJydZNMcHOlUcRacPbwEKdcV8
278,Freiwillige Feuerwehr Gerätehaus Mimbach,OPERATIONAL,49.2286107,7.2667807,"Auf dem Mühlhügel 3, Blieskastel",ChIJI4o-KRDOlUcRSwNPIHcanQY
279,Feuerwehr Webenheim,OPERATIONAL,49.24148090000001,7.2731175,"Wattweilerstraße 2, Blieskastel",ChIJWxo33yLOlUcRl99XB6nPoh0
280,Feuerwehr Böckweiler,OPERATIONAL,49.1837917,7.2930108,"Auf dem Bühl 7, Blieskastel",ChIJmw28qGfSlUcR6DbRCLrKlB8
281,Feuerwehr Brenschelbach,OPERATIONAL,49.1515671,7.3355607,"Vogesenstraße 28, Blieskastel",ChIJLdw2vj_TlUcRwdeNNoYcAJk
282,Freiwillige Feuerwehr Seyweiler,OPERATIONAL,49.1610355,7.269966,Gersheim,ChIJRUyZDgDTlUcRxC0huHmzWqI
283,Freiwillige Feuerwehr Herbitzheim,OPERATIONAL,49.16806460000001,7.215577799999999,"Barbarastraße 3, Gersheim",ChIJc_8Ejx3NlUcR_8peiXYXDuY
284,Jugendfeuerwehr Bliesdalheim,OPERATIONAL,49.1727974,7.236770099999999,"Bliestalstraße 30, Gersheim",ChIJP0vhVwrNlUcRpsmSPG6E91U
285,Freiwillige Feuerwehr Walsheim,OPERATIONAL,49.1558952,7.233103499999999,"Bliesdalheimer Weg 9, Gersheim",ChIJGUfDkz7NlUcRzErfGu5ewv0
286,Freiwillige Feuerwehr Rubenheim,OPERATIONAL,49.17458569999999,7.2059381,"Im Bauert 9a, Gersheim",ChIJ5-BIXfrMlUcRr4batheXL0w
287,Freiwillige Feuerwehr Medelsheim,OPERATIONAL,49.1413503,7.275314999999999,"Lothringer Str., Gersheim",ChIJz7VcHKfTlUcRYlBdwqr1rhg
288,Freiwillige Feuerwehr Peppenkum,OPERATIONAL,49.1438715,7.286216899999999,"Riesweilerstraße 3, Gersheim",ChIJ1_AnVgDTlUcRkXeHWhkJvTY
289,Freiwillige Feuerwehr Utweiler,OPERATIONAL,49.12596569999999,7.2998607,"Bruder-Konrad-Straße 11, Gersheim",ChIJN5-SxygtlEcRbX5CYLgtngc
290,Freiwillige Feuerwehr Ommersheim,OPERATIONAL,49.2182437,7.1568096,"Vichter Str. 1, Mandelbachtal",ChIJe1CDzebLlUcRFQUUW_S3tAY
291,Feuerwehr Kirkel Löschbezirk Limbach,OPERATIONAL,49.3140057,7.280260099999999,"In den Stockgärten 112, Kirkel",ChIJKRajH0LFlUcRUXhsy2c9D6g
292,Freiwillige Feuerwehr Hangard,OPERATIONAL,49.3817669,7.2149945,"Höcherbergstraße 14, Neunkirchen",ChIJLSkXhKvGlUcRCMft-UaVbcI
293,KFV Saarpfalz e.V.,OPERATIONAL,49.311648,7.354353100000001,"Kraepelinstraße 11, Homburg",ChIJPw040WHalUcRoJWSnsRGBfk
294,Freiwillige Feuerwehr Jägersburg,OPERATIONAL,49.3705514,7.3260557,"St.-Josef-Straße, Homburg",ChIJUd8kDFHblUcRPB03ZTAcp1o
295,Feurwehrgerätehaus,OPERATIONAL,49.34714,7.412389999999999,"Rosenkopfer Str. 10, Bechhofen",ChIJ3Q2jSN_blUcR8izwdDhQcU8
296,Freiwillige Feuerwehr Schönenberg-Kübelberg,OPERATIONAL,49.4108123,7.383794600000001,"Miesauer Str. 87, Schönenberg-Kübelberg",ChIJYePBNVTclUcRRpPlXwz4jtk
297,Freiwillige Feuerwehr Oberwürzbach,OPERATIONAL,49.2409395,7.1415961,"Steckentalstraße 35, St. Ingbert",ChIJQQ0OWnHJlUcRHlnc12Vz8zE
298,Freiwillige Feuerwehr Lbz. Grügelborn (Feuerwache 4),OPERATIONAL,49.515544,7.209416399999999,"Steinbachstraße, Freisen",ChIJa_NDc6nrlUcRARfEc31230g
299,Freiwillige Feuerwehr Lbz. Reitscheid (Feuerwache 7),OPERATIONAL,49.5292141,7.217671999999999,"Martinstraße 20, Freisen",ChIJX9STXKTrlUcRzpUz7GbzEks
300,Freiwillige Feuerwehr Lbz. Oberkirchen (Feuerwache 6),OPERATIONAL,49.5242171,7.263325799999999,"Haupersweilerstraße, Freisen",ChIJs0uNPV_plUcRMguk7iuWzro
301,Freiwillige Feuerwehr Lbz. Asweiler,OPERATIONAL,49.5502871,7.1924829,"Pfalzstraße 16, Freisen",ChIJGxx-9WHrlUcRE2-BC7VLxyk
302,Freiwillige Feuerwehr Lbz. Freisen (Feuerwache 1),OPERATIONAL,49.5536119,7.2476704,"Burgstraße 16, Freisen",ChIJPV_Vig7slUcRyjurpGoYms0
303,Freiwillige Feuerwehr Rohrbach,OPERATIONAL,49.2842789,7.1595377,"Hinter den Gärten 10, St. Ingbert",ChIJya0pdOvIlUcR5Y12P_lHLYQ
304,Feuerwehrgerätehaus,CLOSED_PERMANENTLY,49.1446887,7.267723500000001,"Burgstraße 11, Gersheim",ChIJnW92Ia_SlUcRLUtXkvnkojA
305,Feuerwehr St. Wendel - Lbz. Leitersweiler,OPERATIONAL,49.4939976,7.2069747,"Vorm Berg 4, St. Wendel",ChIJF1HFWuWVlUcRrV4NqefYn-o
306,Freiwillige Feuerwehr Hoof,OPERATIONAL,49.4880977,7.244483199999999,St. Wendel,ChIJH4JtHiHqlUcRmNRmntWevEE
307,Freiwillige Feuerwehr Gemeinde Namborn - Löschbezirk Hirstein,OPERATIONAL,49.5328098,7.173527399999999,"Talstraße 8, Namborn",ChIJixvy9BLrlUcRk4PXVVk2cqc
308,Freiwillige Feuerwehr Gemeinde Namborn - Löschbezirk Gehweiler,OPERATIONAL,49.5297177,7.1870005,"Im Gäßchen 1, Namborn",ChIJ82RHi0HrlUcRKQHLx4YMa88
309,Bw Feuerwache Baumholder,OPERATIONAL,49.6381891,7.3037088,Baumholder,ChIJB7fv7u7xlUcRSFaS4NLPJoE
310,Freiwillige Feuerwehr Eisen,OPERATIONAL,49.6097125,7.0587778,Nohfelden,ChIJ1TSz-5mRlUcRkZqDkzYnd8Q
311,Freiwillige Feuerwehr Walhausen,OPERATIONAL,49.5584613,7.129340099999999,"Biegelstraße 3, Nohfelden",ChIJk3f4RnuTlUcRIpfCZkUvtj0
312,Feuerwehr Nohfelden - Lbz. Bosen/Eckelhausen,OPERATIONAL,49.57713589999999,7.0648597,"Eckelhauser Str., Nohfelden",ChIJ1eiSMl6RlUcRvAsfmMGrXbY
313,Freiwillige Feuerwehr Wattweiler,OPERATIONAL,49.23444000000001,7.3164048,"Bliestalstraße 28, Zweibrücken",ChIJ5_PG1b3RlUcRWaG2iC9SZsk
314,Feuerwehr St. Wendel - Lbz. Bliesen,OPERATIONAL,49.4963863,7.108860099999999,"Saint-Cyr-en-Val-Platz, St. Wendel",ChIJj2DpqByVlUcRRskPEo6F29M
315,Freiwillige Feuerwehr Gemeinde Namborn - Löschbezirk Baltersweiler,OPERATIONAL,49.4942325,7.1655086,"Bahnhofstraße 9, Namborn",ChIJp9DEr0zrlUcR-a0Lo-I7yMM
316,Freiwillige Feuerwehr Berschweiler,OPERATIONAL,49.4318519,7.0325729,Marpingen,ChIJG0-3eiq8lUcRGX6CG0f4lM8
317,Freiwillige Feuerwehr Urexweiler,OPERATIONAL,49.4294934,7.074778599999999,"Am Kirchhübel, Marpingen",ChIJXYmcu_6-lUcRSwrukHXvcnU
318,Feuerwehr Marpingen,OPERATIONAL,49.45383440000001,7.058480599999999,"Alsweilerstraße 30, Marpingen",ChIJudBeEGu-lUcR1L0L8gHz0Ww
319,Freiwillige Feuerwehr Alsweiler,OPERATIONAL,49.47406640000001,7.065875699999999,"Brunnenstraße 24, Marpingen",ChIJY9aa6CG-lUcRd3rnS3myChU
320,Freiwillige Feuerwehr Namborn LBZ-Mitte,OPERATIONAL,49.5124414,7.160112,"Furschweilerstraße 13, Namborn",ChIJUyqnkSnrlUcRL_Ox1XQVAhE
321,Freiwillige Feuerwehr Urweiler,OPERATIONAL,49.4738935,7.178885699999999,"Kurhausstraße 5A, St. Wendel",ChIJ9eI5wJrqlUcR2CMXumQCsQQ
322,Feuerwehrgerätehaus Osterbrücken,OPERATIONAL,49.4906949,7.265279899999999,"Berliner Weg 1, St. Wendel",ChIJOb-Ofu_plUcRrnOIoOdLB9I
323,Feuerwehr Schwarzenbach,OPERATIONAL,49.5959621,7.0167183,"Höhenstraße 49, Nonnweiler",ChIJdfgJlJKRlUcRs_n-Prx-BPU
324,Feuerwehrgerätehaus,OPERATIONAL,49.2104947,7.475821400000001,"Bahnhofstraße 3, Walshausen",ChIJ6wq_LQLWlUcRo2HAqROCCrM
325,Feuerwehr St.Wendel - Kreisstadt,OPERATIONAL,49.46793,7.16998,"Schloßstraße 2, St. Wendel",ChIJH3V3-CDAlUcRXqb1008j8T4
326,Freiwillige Feuerwehr Werschweiler,OPERATIONAL,49.450648,7.2280505,"Auf d. Höh, St. Wendel",ChIJeYPiavHBlUcRsbXOxg4dNq4
327,Löschbezirk Mittleres Ostertal,OPERATIONAL,49.47254179999999,7.255125499999999,"Eichsfelder Weg, St. Wendel",ChIJJz7F-PzplUcRGVcJvtafhU8
328,Freiwillige Feuerwehr Primstal,OPERATIONAL,49.5333451,6.977021300000001,"Johannisstraße 14, Nonnweiler",ChIJVW0Utm2XlUcRItBNw6TwsNM
329,Freiwillige Feuerwehr Braunshausen,OPERATIONAL,49.5838601,6.9914334,"Schwalbenweg 3, Nonnweiler",ChIJD44UDZWQlUcRPeBq1U6T4w4
330,Jugendfeuerwehr Otzenhausen,OPERATIONAL,49.60502109999999,6.995321199999999,"Ringwallstraße 8, Nonnweiler",ChIJnUoa7WGQlUcRUO69vTSrTtE
331,Einziger Überflurhydrant Sitzerath,OPERATIONAL,49.6040407,6.918965999999999,Nonnweiler,ChIJYSZYbp2blUcRTuBoqsiqDy0
332,Feuerwache,OPERATIONAL,49.66212179999999,6.9501725,"Raiffeisenstraße 5, Hermeskeil",ChIJJeiZqiSFlUcRp9_e2UXp8uI
333,Freiwillige Feuerwehr Herschweiler Pettersheim,OPERATIONAL,49.4773575,7.342755399999999,"Friedhofstraße, Herschweiler-Pettersheim",ChIJ-TB4vtjplUcR3q2-4WVTHjc
334,Feuerwehr Albessen,OPERATIONAL,49.51645329999999,7.3317251,"Kirchweg 1, Albessen",ChIJwUVSXynplUcRS0CfmZ77mf4
335,Freiwillige Feuerwehr Glan-Münchweiler,OPERATIONAL,49.46925760000001,7.444609799999999,"Bahnhofstraße 9, Glan-Münchweiler",ChIJNRSaIkvnlUcRmdbACdCN3oY
336,Freiwillige Feuerwehr Reichenbach-Steegen,OPERATIONAL,49.50346039999999,7.536101899999999,"Albersbacher Str. 3b, Reichenbach-Steegen",ChIJh5Yv4L7hlUcR4naELKKu8wc
337,Freiwillige Feuerwehr Löschbezirk Bergweiler-Sotzweiler,OPERATIONAL,49.47353589999999,6.995448199999999,"Sotzweilerstraße 3, Tholey",ChIJh8ekyIO9lUcRKHIATJwz3fU
338,FFW Steinberg - Deckenhardt,OPERATIONAL,49.5408038,7.1227724,"Floriansweg 1, Oberthal",ChIJX3LD05GUlUcRAWfcWmWBeaU
339,Förderkreis der Freiwilligen Feuerwehr Winterbach,OPERATIONAL,49.2938385,7.458755399999998,"Wiesenstraße 5, Winterbach (Pfalz)",ChIJHbkc6C7YlUcRmO48plLuGFA
340,Freiwillige Feuerwehr St. Wendel Kernstadt,OPERATIONAL,49.4617059,7.166084799999998,"St.Floriansweg 4, St. Wendel",ChIJ492YZyLAlUcRDHKGjb9NS48
341,Feuerwehr Überroth,OPERATIONAL,49.49984380000001,6.943763499999999,"Ahornweg 1, Tholey",ChIJyc2cu9GZlUcR73ydwOGAPjQ
342,Freiwillige Feuerwehr Tholey Löschbezirk Theley,OPERATIONAL,49.5029924,7.0145548,"Gewerbegebiet Keltenweg 1, Tholey",ChIJ34nYOmuWlUcRvXfvicBEjKw
